Year,Fuel_Emissions,Biochar_Stock,Biochar_Decay,Construction_InUse,Construction_Disposed,Construction_Recycled,Construction_LandfillIn,Exterior_InUse,Exterior_Disposed,Exterior_LandfillIn,Household_InUse,Household_Disposed,Household_Recycled,Household_LandfillIn,GraphicPaper_InUse,GraphicPaper_Disposed,GraphicPaper_Recycled,GraphicPaper_LandfillIn,OtherPaper_InUse,OtherPaper_Disposed,OtherPaper_Recycled,OtherPaper_LandfillIn,HouseholdPaper_InUse,HouseholdPaper_Disposed,HouseholdPaper_LandfillIn,LF_Input_Total,LF_Stock_Total,LF_Decay_Total
1961,8286400000.0,1453447.459125189,16552.54087481092,12326432309.150257,15063955.615585819,1280436.2273247947,13783519.388261024,3614919187.169704,37738566.746852554,37738566.746852554,1844694067.031794,16864539.461908273,1433485.8542622034,15431053.60764607,3061008790.3883414,180054722.1403745,40512312.481584266,139542409.65879023,7892240848.880221,6634400392.069891,1492740088.2157254,5141660303.854166,180801383.4699579,593613326.5081998,593613326.5081998,5941769179.763916,3355613531.782619,2586155647.981297
1962,6587200000.0,2771337.02946438,32110.429660809183,25406838112.38962,31919186.67866595,3045001.281467864,28874185.39719809,6095099864.292603,67064442.82412252,67064442.82412252,3742050458.055003,35392522.54007679,3376347.8240799056,32016174.715996888,6118417754.261925,398086842.18374324,97019724.34283942,301067117.8409038,10528296457.639584,10721164216.119453,2612908256.842408,8108255959.277045,189556439.32957184,626292326.4298656,626292326.4298656,9163570206.485132,8205603546.391452,4313580191.8763
1963,6088801600.0,4429377.586489676,51959.44297470402,39371379363.870415,50816425.25658357,5156809.385605612,45659615.87097796,8418927187.340363,97281315.11649236,97281315.11649236,5723947728.996414,55952629.8091595,5678027.234153161,50274602.57500634,9098527098.943048,650396378.6663976,165631588.46085927,484764790.2055383,11153105205.920269,11812469631.196724,3008193423.0207553,8804276208.175968,202264834.20956114,668178596.105185,668178596.105185,10150435128.049168,13245437628.732933,5110601045.707686
1964,6400401600.0,5267308.332228419,62069.254261256116,54218292450.32405,71857618.5757868,7602134.750468635,64255483.825318165,10866428746.93118,131270961.39739046,131270961.39739046,7784998754.935606,78592682.10621399,8314666.859465178,70278015.2467488,12033232142.543638,936806950.4269607,245846199.0526062,690960751.3743545,11830666327.394867,12496489937.871126,3279453201.4568825,9217036736.414244,215630101.2089961,712327563.1156577,712327563.1156577,10886129511.373714,18409050935.72036,5722516204.386284
1965,5878600000.0,5205980.487120986,61327.845107433655,69550548555.30905,94665225.734337,10331911.23670826,84333314.49762875,13299728437.67038,167803720.49770173,167803720.49770173,9847071835.453323,102691793.65993443,11207943.451276802,91483850.20865762,14983066635.819294,1257486171.4757407,337578228.3878776,919907943.0878631,12503219280.347525,13217097452.029394,3548193565.460685,9668903886.56871,226973397.8476581,749851110.016913,749851110.016913,11682283824.877476,23775062848.627193,6316271911.970643
1966,5890000000.0,5145384.979627947,60595.50749303824,85932111086.87166,120011809.27433482,13426488.22361567,106585321.05071914,16380457497.188383,213862958.38804173,213862958.38804173,11894392589.527523,128148357.69020748,14336775.904029433,113811581.78617805,18032574643.708588,1613338040.883045,441050329.41777205,1172287711.465273,13361891950.496996,14092892430.624046,3852679780.3477516,10240212650.276295,243615327.41138187,804726679.9032447,804726679.9032447,12651486902.869751,29460626666.25609,6965923085.240859
1967,6037200000.0,5085512.851779678,59872.12784826922,101941564059.79515,146285914.58752936,16704191.427835679,129581723.15969369,19311588599.04937,261822146.65020666,261822146.65020666,13849281142.194847,154281720.99647886,17617221.78521223,136664499.21126664,20700985454.71591,1972107496.9433756,547337874.6321745,1424769622.311201,12983444820.687065,13972261038.679533,3877855376.834144,10094405661.845388,251167388.91449726,829873139.189507,829873139.189507,12877116792.367264,35047870507.20758,7289872951.415768
1968,6218400000.0,5026355.257723007,59157.594056670634,119125525121.7979,175407204.2255358,20380847.766818013,155026356.4587178,22557514926.48087,316485629.66568285,316485629.66568285,15858569659.9859,182410299.1332568,21194548.73104592,161215750.40221086,23260244669.59624,2339399022.162604,657710154.7363387,1681688867.4262652,13513610799.012638,14320935255.86877,4026258220.113017,10294677035.755753,265426459.40765616,876841169.7205406,876841169.7205406,13485934809.42917,40795622552.21321,7738182764.423544
1969,6229800000.0,4967903.46228687,58451.79543613772,136682968206.56635,206535279.40576267,24362564.629450005,182172714.77631268,25612554693.071354,372951276.0517805,372951276.0517805,17910422820.719593,212490203.26996598,25064997.733966187,187425205.53599977,25597611069.722664,2701543857.2630234,768116629.0022905,1933427228.260733,14413401597.634216,15204572333.654854,4323040995.595947,10881531338.058907,282335352.361923,932655885.2609335,932655885.2609335,14490163647.944666,46931163973.40316,8354622226.754719
1970,7164200000.0,5117643.160360777,60260.30192609286,153235814174.9137,238072557.24510786,28458902.186287526,209613655.05882034,27884430558.58969,424932860.0951352,424932860.0951352,19757528299.801113,242314628.05520844,28965994.140307516,213348633.91490093,27496194582.05331,3038058474.226176,872438636.8696202,2165619837.3565555,14323624762.78506,15339499708.345177,4405041025.163062,10934458683.182114,290794390.3734728,960784010.7180578,960784010.7180578,14908757680.325584,53106730093.114395,8733191560.614351
1971,6983000000.0,7903523.718702788,94119.44165798865,171755758665.05386,273642071.84063065,33102051.56403461,240540020.27659604,30321191992.402603,481637147.7469554,481637147.7469554,21740281285.36698,274888088.487093,33252780.24037961,241635308.24671337,29189899891.745457,3353367043.423593,971615205.2676572,2381751838.155936,14505948707.785921,15463581681.76973,4480467212.609861,10983114469.159868,300154334.9269361,991685144.6169174,991685144.6169174,15320363928.202986,59340984492.80989,9086109528.50749
1972,7192600000.0,156496173.87792093,2007349.8407818652,191634640525.0785,312699391.6056871,38234880.25026791,274464511.35541916,32770417862.238613,541629819.8392129,541629819.8392129,23783090807.36657,309620928.22308534,37858465.45078842,271762462.7722969,31006734358.814964,3661673430.913785,1069547271.7170038,2592126159.196781,15468520531.190237,16315329015.361626,4765584906.677649,11549744108.683977,311157473.4704991,1028001514.8202674,1028001514.8202674,16257728576.667953,65944246733.42741,9654466336.050436
1973,6807400000.0,300925670.58929694,3920503.288623966,211735019590.95636,354017174.7800116,43712001.731036074,310305173.0489755,35601769277.89282,608773993.6781968,608773993.6781968,25826305796.109512,346019539.0169193,42724499.73049691,303295039.2864224,33020751783.59591,3967919441.086893,1167574709.608175,2800344731.478718,16216078215.894487,17171122245.404642,5052665097.412636,12118457147.992006,315791230.35963565,1043440962.6226662,1043440962.6226662,17184617048.106983,72890556678.43813,10238307103.096252
1974,7453000000.0,444688715.8173065,5846954.771990417,228998038918.50067,393944665.6224114,49079934.93700982,344864730.68540156,37645415282.16111,671196364.1938006,671196364.1938006,27555565668.87641,381220181.0945954,47494644.08976483,333725537.00483054,34768395735.30084,4247897706.6808887,1258459014.6165452,2989438692.0643435,16063764111.520672,17212678845.722977,5099334389.580875,12113344456.142101,319441154.97756684,1055511011.4589902,1055511011.4589902,17508080791.549465,79829902807.06682,10568734662.920776
1975,7130200000.0,579107251.8235818,7661463.993724731,244615940623.34195,433811897.7561252,54495777.263655744,379316120.4924695,39410752918.10885,733444369.019275,733444369.019275,29050126122.713768,415751291.1211702,52226990.2582373,363524300.8629329,35145793002.75224,4435082969.139525,1322175205.8714418,3112907763.2680836,14268946147.497478,15660628621.779194,4668705189.092416,10991923432.686779,310587029.9501715,1026506483.5848855,1026506483.5848855,16607622469.914425,86097166116.58847,10340359160.392778
1976,6977200000.0,714271429.7303522,9495822.093229592,263002399016.57904,478961710.12506336,60631202.89879184,418330507.2262715,41318676387.41214,799571794.5526838,799571794.5526838,30826888354.104183,454180695.62217134,57494203.246000335,396686492.376171,36341981366.919785,4643348144.971638,1392353889.5235155,3250994255.448122,15135298557.493706,15963717185.332218,4786878566.992842,11176838618.339376,327349980.4255881,1081336700.230605,1081336700.230605,17123758368.17323,92574372741.98003,10646551742.781673
1977,8500800000.0,847262984.4108975,11308445.319454715,283330612217.5032,528639297.39487725,67400558.95213959,461238738.4427377,42631777905.47566,861911920.3103458,861911920.3103458,32778463472.589806,495689732.6751259,63199548.75428808,432490183.9208378,37764787195.29014,4850236862.881421,1462330700.7955427,3387906162.0858784,15804546576.343483,16745606577.533222,5048746132.209107,11696860445.324116,335809480.54285115,1109463994.0170424,1109463994.0170424,17949871444.100956,99408472280.3594,11115771905.72157
1978,10794400000.0,986243398.613563,13209585.797334593,304149501820.095,581277323.8324082,74610185.93041453,506667137.90199363,44245558913.01033,929137609.5971984,929137609.5971984,34796436572.60415,539383681.2569559,69232903.29146883,470150777.965487,39431940297.490845,5062669624.529841,1534191592.68131,3528478031.8485317,16877308238.97841,17802640619.496033,5394912880.275901,12407727739.22013,329895619.1979249,1090215768.356714,1090215768.356714,18932377064.890057,106660163845.40894,11680685499.840527
1979,12493400000.0,1126479357.9926035,15134040.620959477,324538422319.3336,635860529.2926793,82131932.90631929,553728596.38636,45833486281.908775,997974377.4183927,997974377.4183927,36771147509.43943,584286394.3667121,75470278.03971997,508816116.32699215,41243074986.690865,5280862863.962418,1608021962.8191974,3672840901.14322,17131759402.156542,18263417242.727818,5561207855.415002,12702209387.312817,353217594.2181447,1166643533.734074,1166643533.734074,19602212912.321854,114129326057.86446,12133050699.866331
1980,14215200000.0,1267474996.7224422,17074361.270161454,341949071158.34576,689321276.7015806,89567638.45156984,599753638.2500108,47239056371.86251,1066616498.5570382,1066616498.5570382,38382236116.48028,627421997.3852853,81524694.67832135,545897302.7069639,42880862808.53898,5490678318.60401,1679514882.2400224,3811163436.363987,16655953207.454117,17915148682.044464,5479971158.952614,12435177523.09185,339388633.8250704,1121734153.6558242,1121734153.6558242,19580342552.62567,121427785012.92056,12281883597.569569
1981,15291000000.0,1395662356.3610868,18842640.36135526,358567674371.35583,744196851.4006985,97242592.55164763,646954258.8490509,48556969734.93371,1135721991.270234,1135721991.270234,39774576643.76427,669856862.1006525,87528746.97948208,582328115.1211704,44309500477.83276,5689921696.115232,1747955926.989155,3941965769.1260777,16696420100.406092,17832824201.207977,5478281147.302779,12354543053.905197,351158455.4242094,1160058770.1385634,1160058770.1385634,19821571958.410294,128741744603.59772,12507612367.733139
1982,20048600000.0,1522871337.333155,20601019.027931914,372958271327.24725,798742819.5703443,104927359.13258511,693815460.4377592,49751572975.40813,1204662525.0991979,1204662525.0991979,40889477613.05749,710876042.5634755,93384684.01748127,617491358.5459943,45649016889.37536,5884248875.847397,1815044500.262661,4069204375.584736,15902749441.539534,17178820113.125425,5298947006.696683,11879873106.428741,347246832.9337793,1147459513.390029,1147459513.390029,19612506339.486458,135823640991.05653,12530609952.027641
1983,19238600000.0,1649082488.7632093,22348848.56994549,391331358685.5606,860455116.570302,113607965.52456804,746847151.0457339,50922229640.63716,1274176755.752914,1274176755.752914,42415554124.09004,756549860.3369706,99889103.79587115,656660756.5410994,47667710186.53739,6118207053.693011,1894553863.4561343,4223653190.236877,16353384514.57891,17370083973.374268,5378791435.384614,11991292537.989655,375045211.27066493,1238626874.743498,1238626874.743498,20131257266.30978,143115267870.2554,12839630387.110903
1984,20535600000.0,1775874760.1990802,24107728.5641292,411039766979.83356,926435506.3630148,122910946.68436603,803524559.6786488,52371850539.29177,1347214701.363604,1347214701.363604,44073215517.82015,804528330.9729518,106737423.29078135,697790907.6821704,50280501871.533005,6395260842.627783,1987694736.4499123,4407566106.177871,17594620545.150208,18525900831.51857,5757988059.744531,12767912771.77404,385635703.92873615,1273988726.281845,1273988726.281845,21297997772.95818,150962488044.28583,13450777598.927746
1985,19561400000.0,1901610053.574356,25854706.624724142,431499057106.9296,996131233.0482349,132767495.97592668,863363737.0723083,53853973453.46772,1421277965.495811,1421277965.495811,45752761421.28951,853842344.6365821,113802786.51510163,740039558.1214805,52705957511.325676,6676765387.138945,2082547536.8166773,4594217850.322268,17678692219.679153,18888911430.34224,5891633701.579546,12997277728.762693,387155753.3456549,1279190845.9634187,1279190845.9634187,21895367685.737976,158999178184.67886,13858677545.344936
1986,20008800000.0,2025501476.60074,27578576.973616116,453733006862.87006,1070917014.6303679,143365211.51171383,927551803.118654,55357488140.90407,1496106595.3444965,1496106595.3444965,47622572413.68194,905995059.9327956,121286870.61776175,784708189.3150339,55514199689.933685,6993488746.697511,2188742427.8132386,4804746318.884272,18208916496.314945,19344099219.455956,6054095777.225035,13290003442.23092,399521072.198302,1319804764.8729537,1319804764.8729537,22622921113.76633,167304413556.3321,14317685742.113134
1987,16588000000.0,2149258562.946312,29302913.654428042,477156020268.0378,1150274475.0842507,154640085.69725809,995634389.3869926,57089516585.55928,1573714158.4781845,1573714158.4781845,49625347924.5555,960532275.2605565,129131608.6540087,831400666.6065477,58587991803.746445,7342160098.065625,2305347194.1021533,5036812903.963472,19008129066.0719,20139075149.069965,6323419779.276226,13815655369.79374,413766325.3012324,1366827926.714456,1366827926.714456,23620045414.94339,176023992543.76904,14900466427.50642
1988,16429600000.0,2269892707.1271772,30985855.819134638,499722706937.12524,1231864454.86866,166280843.05040413,1065583611.8182559,58683685589.76675,1650331133.7266932,1650331133.7266932,51427479750.79368,1014439329.5423595,136932132.649103,877507196.8932564,61941921810.2367,7725459286.236907,2433284216.876189,5292175069.360718,19258416140.625774,20535400551.005474,6468025291.002731,14067375260.002743,426961704.7958475,1410443212.0160024,1410443212.0160024,24363415483.81767,184995499674.3198,15391908353.26691
1989,16140600000.0,2389161017.7627225,32651689.364454936,522359784564.3542,1316838291.5825791,178444016.1047072,1138394275.477872,60065563698.33229,1724906533.128848,1724906533.128848,53229178553.836876,1069369253.6876327,144909625.9933205,924459627.6943122,64284268014.03392,8068991721.324156,2549131556.034011,5519860165.290145,19440407430.15457,20740763121.90579,6552359402.049329,14188403719.85646,450943371.302051,1489448750.249619,1489448750.249619,24985473071.697258,194152149858.5429,15828822887.474102
1990,16423800000.0,2510009549.6701307,34341468.092591606,544822570967.71625,1404977362.332049,191102155.68909964,1213875206.6429493,61285218812.98623,1797621432.1590643,1797621432.1590643,55000881271.52707,1124996300.7042964,153019702.64489114,971976598.0594052,66659306658.62961,8419267616.205666,2667496169.88357,5751771446.322096,19789567903.375725,21074394641.635147,6677049542.999508,14397345098.63564,463840288.04563344,1532294729.4730332,1532294729.4730332,25664884511.292187,203532215073.68137,16284819296.153732
1991,20592000000.0,2623716519.1657586,35933030.50437218,565629748174.6141,1494533340.474201,204018459.45827982,1290514881.015921,61561694245.571625,1860030172.8044062,1860030172.8044062,56512512517.527985,1179141526.2606473,160964383.43399724,1018177142.82665,68653967597.101234,8749460179.221563,2779857966.468029,5969602212.753534,19583881788.672695,20982810952.060844,6666609480.948399,14316201471.112446,446264145.3777998,1474847039.0186226,1474847039.0186226,25929372919.53158,212901034016.73035,16560553976.482624
1992,16170850800.0,2734078787.0721354,37479232.09362326,588290970463.3202,1589750655.6581933,217773644.58815652,1371977011.070037,61859766025.70756,1921175610.7865772,1921175610.7865772,58197757903.85042,1235545374.8333814,169252466.33731034,1066292908.4960711,70557577760.98907,9069290782.270004,2889248126.290933,6180042655.979071,19951611147.08746,21240311395.18885,6766629428.2192,14473681966.96965,454377086.59818065,1501080334.5892525,1501080334.5892525,26514250487.89066,222461266368.4242,16954018136.196777
1993,13914551400.0,2912742837.97704,39985249.09509556,611616877618.9814,1689371883.9689445,232200133.6337546,1457171750.3351898,63001421306.73705,1989497092.057238,1989497092.057238,59926399017.58652,1293064459.821314,177728624.00324363,1115335835.8180704,72731314361.8787,9396794631.712324,3001389806.185177,6395404825.527147,20449651005.950184,21747127274.728355,6946156500.632944,14800970774.095411,473564849.2861493,1564238158.6090186,1564238158.6090186,27322618436.442078,232333810497.33838,17450074307.527878
1994,12532960000.0,3096496652.9358854,42566185.04115418,636126765705.6344,1794147509.7832406,247404702.63914558,1546742807.144095,64257674294.58091,2058041642.585917,2058041642.585917,61752066927.42171,1352157239.6199799,186456274.06074607,1165700965.5592337,75641521914.68375,9761576248.774406,3125771258.800379,6635804989.974028,21098815034.572166,22408670469.902782,7175519231.491447,15233151238.411335,479970476.95230585,1585666831.6267123,1585666831.6267123,28225108475.30132,242558144814.42975,18000774158.209957
1995,12205000000.0,3273560311.8166003,45056341.11928516,660303259599.1268,1902375633.2296124,263156041.62193102,1639219591.6076813,65516508233.67952,2125662651.1896803,2125662651.1896803,63493577636.4466,1411171511.9439368,195207667.00651905,1215963844.9374177,78222258548.66386,10109948099.107063,3245236700.4488993,6864711398.658164,22403643932.613277,23654921979.56228,7593097432.528955,16061824547.033323,488717850.998698,1614503785.7283082,1614503785.7283082,29521885819.154575,253344351196.70975,18735679436.87459
1996,10906000000.0,3459288781.2158527,47671530.60074763,685513498221.9817,2015773836.4301927,279694231.8739453,1736079604.5562475,66601966450.459564,2190462711.2569757,2190462711.2569757,65256746463.687096,1470966102.348806,204100641.98355722,1266865460.3652487,80173868821.50464,10420860856.189884,3352964202.938379,7067896653.251505,22050055887.653664,23661469257.781673,7613196309.318733,16048272948.46294,494892884.96406376,1634947342.8897212,1634947342.8897212,29944524720.78264,264168314601.50708,19120561315.985313
1997,9636000000.0,3649298591.972542,50350189.24331106,711412051729.7201,2134059873.8574517,296983814.6553906,1837076059.2020612,67660892179.4274,2253765077.319965,2253765077.319965,67044444587.2307,1531525828.8147216,213132906.1834169,1318392922.6313047,83032124724.77892,10777489385.878687,3475684107.696368,7301805278.182319,22838442352.69281,24229726551.34415,7813960421.865872,16415766129.47828,512776520.0974145,1693776359.7039285,1693776359.7039285,30820581826.51786,275315418059.7687,19673478368.256275
1998,9214760000.0,3851662230.9938984,53206360.97864346,738564026034.3179,2258040527.8156533,315140699.44558275,1942899828.3700705,67184149039.27654,2299754154.3447275,2299754154.3447275,68820153939.74765,1592479483.5825603,222252476.04143977,1370227007.5411205,85054130230.67627,11089206227.568085,3584195864.788159,7505010362.779926,23043652851.84962,24589714268.249527,7947760226.289039,16641954041.960487,524011142.3752085,1731029924.5751722,1731029924.5751722,31490875319.571503,286659391416.58936,20146901962.7508
1999,9190540000.0,4057980503.7792206,56121727.214678034,767238424280.3658,2388200057.435097,334236776.8875409,2053963280.5475564,66621956443.55609,2342091910.8692594,2342091910.8692594,70643504872.3169,1654314072.6642072,231526919.98543444,1422787152.6787727,87210093077.24411,11403656068.851204,3693828534.4779353,7709827534.373268,23845342022.778374,25307634055.59369,8197551754.478232,17110082301.115456,548724250.1934711,1812389709.6112528,1812389709.6112528,32451141889.195564,298369182646.6324,20741350659.152557
2000,9168680000.0,4277483551.508133,59226952.271087505,795789980643.1685,2522703390.252677,354019018.7483776,2168684371.504299,66030910764.07775,2381214659.800453,2381214659.800453,72378145199.57622,1715765109.5833943,240778794.22700447,1474986315.3563898,89141921898.55638,11701852502.707197,3798418341.461444,7903434161.245753,23338898790.590622,25068731486.120777,8137303854.413126,16931427631.707651,546336835.6344527,1805065727.851046,1805065727.851046,32664812867.46559,310009213802.485,21024781711.612934
2001,9167200000.0,4491231544.724755,62254106.783377804,822619773367.6239,2659657815.6096635,374223378.89241904,2285434436.7172446,65517121923.989,2418144965.7128625,2418144965.7128625,73931785520.53136,1775887247.3764014,249873695.15909526,1526013552.2173061,89855666408.59448,11922961830.247995,3878139417.945946,8044822412.30205,22236464577.265064,24016038036.78156,7811611334.445955,16204426702.335604,556148216.5621276,1837200937.2218945,1837200937.2218945,32316043006.506958,321294593337.0767,21030663471.915283
2002,8595080000.0,4718744788.809446,65479655.91530915,850563551871.0575,2802473956.9856133,395331112.81960964,2407142844.1660037,64955831086.86803,2451614131.639562,2451614131.639562,75557615634.39265,1836835073.5252032,259113220.97132903,1577721852.5538743,90599194586.0959,12125491239.168905,3951904694.520879,8173586544.648026,22110933499.82638,23651562313.998238,7708448119.570716,15943114194.42752,566043674.9295164,1869880929.5158746,1869880929.5158746,32423060496.95086,332531927921.0063,21185725913.02127
2003,8583176400.0,4956589097.158212,68855291.65123433,878627056282.0769,2950073386.259234,417193483.25757587,2532879903.001658,64366068485.49136,2481758784.9854474,2481758784.9854474,77050834944.84102,1896737093.9921756,268232769.64978957,1628504324.342386,91212576840.10478,12300514902.356352,4016762701.023673,8283752201.332679,21921024646.123093,23471661206.44883,7664727372.271804,15806933834.177025,565107384.4064938,1866997715.1261194,1866997715.1261194,32600826762.965313,343766692818.2732,21366061865.698395
2004,8729132000.0,5178372931.402788,72006165.75542389,909535348537.103,3105852811.9319105,440294529.24504167,2665558282.6868687,63747838522.152824,2508551192.434682,2508551192.434682,78836346463.00136,1959352480.0771153,277763380.97105265,1681589099.1060627,92556274821.79388,12497951706.048676,4088993854.724444,8408957851.324232,21756979684.82774,23291313206.32266,7620291613.30676,15671021593.0159,569946083.4531727,1882839038.2122009,1882839038.2122009,32818517056.779945,355024629715.5737,21560580159.47941
2005,8790685800.0,5396909653.6491165,75113777.75367124,941002679884.2086,3267274379.6246767,464279484.63867027,2802994894.9860063,63104483259.66366,2532014863.07597,2532014863.07597,80656964414.60785,2022477146.080966,287393875.74294424,1735083270.3380218,93435604945.84721,12658321575.491337,4149143218.4571276,8509178357.034209,21886682299.59202,23362578385.79698,7657783308.55369,15704795077.243292,594880986.2390416,1964787883.7240696,1964787883.7240696,33248854346.40157,366428345222.5781,21845138839.397194
2006,8989800000.0,5601880092.39684,78030961.25227678,970994966384.2579,3431951600.606892,488811565.5840442,2943140035.022848,62451133436.05171,2552315109.2072487,2552315109.2072487,82207084284.96603,2083310076.0798397,296725064.4518182,1786585011.6280215,94222338909.1394,12800275936.801493,4203269076.909614,8597006859.891878,21983941427.499718,23476652125.528675,7709106147.070817,15767545978.457859,599729971.7378281,1981226342.3693929,1981226342.3693929,33627819336.577248,377940436578.7467,22115727980.408615
2007,9270997000.0,5806134534.21165,80940258.18519026,996569465224.827,3596242005.807545,513371508.50107473,3082870497.3064704,61808340418.982574,2569702974.389488,2569702974.389488,83293705803.45699,2139888127.429847,305473767.9578148,1834414359.472032,94574997815.38834,12905136261.64895,4245196003.414303,8659940258.234648,21277738528.282936,22905279121.898544,7534782850.324456,15370496271.57409,585335920.5131931,1934044938.1629765,1934044938.1629765,33451469299.139706,389246364267.95215,22145541609.93429
2008,8703082800.0,6008072985.55168,83818748.65997069,1016340217537.2139,3758189532.0627136,537676716.9609001,3220512815.1018133,60944197766.72357,2581827877.518284,2581827877.518284,83731772076.50023,2190194106.849169,313346723.6899645,1876847383.1592042,93611425101.9398,12918224822.718622,4256844799.9184713,8661380022.800152,20495206666.040646,22079029744.511032,7275535473.719028,14803494270.792004,581004199.4777313,1919483984.4846869,1919483984.4846869,33063546353.856144,400257054495.5974,22052856126.21091
2009,8062071000.0,6210552726.607345,86707058.94433519,1031536896508.5406,3918918932.43234,561884032.9751021,3357034899.457238,60090068727.09696,2590969585.31358,2590969585.31358,83386207643.03226,2232541852.2546635,320095832.8964394,1912446019.3582242,90340641353.55283,12767258594.067265,4214205839.6508293,8553052754.416435,18560229201.85853,20272102257.55113,6691398242.334421,13580704015.216707,579977217.0982568,1915995068.0302536,1915995068.0302536,31910202341.79244,410569334629.4525,21597922207.93735
2010,8052589600.0,6453984595.496027,90182231.11131805,1047184525662.6396,4084257273.329452,586827494.4332842,3497429778.8961678,59228347201.02866,2597030709.889538,2597030709.889538,83167356740.15993,2274704806.7664804,326830371.59457767,1947874435.1719027,88083610393.43193,12620889781.221863,4172776902.448968,8448112878.772895,18345934258.814407,19640393485.46691,6493597655.301862,13146795830.16505,585490619.3057394,1934050660.5911357,1934050660.5911357,31571294293.48669,420704628109.15247,21436000813.786694
2011,7995155800.0,6686506195.464456,93504300.03157142,1062819360741.9481,4253659056.3037024,612430705.4424877,3641228350.8612146,59172139111.556656,2608581676.209662,2608581676.209662,82973531123.99185,2315773736.485527,333419045.6518236,1982354690.8337035,85197745968.8044,12397304246.195755,4105482497.9146585,8291821748.281096,18516434623.216015,19748357341.796555,6539852037.1224575,13208505304.674097,589782106.4480042,1948236394.0729396,1948236394.0729396,31680728164.932716,430910500813.25195,21474855460.833282
2012,8832057900.0,6918780861.574399,96825333.89005673,1079016882730.3741,4427811884.393388,638794468.6024815,3789017415.7909064,59158853762.2797,2618375407.1963806,2618375407.1963806,82879579735.63803,2356396734.59749,339954189.38174844,2016442545.2157414,81951496867.435,12108636703.279787,4016235975.5272593,8092400727.752527,18177212765.441486,19508305680.021614,6470584675.520361,13037721004.501253,582974236.662605,1925952749.8564456,1925952749.8564456,31479909850.313255,440990129976.5823,21400280686.98296
2013,9305548300.0,7130072907.128167,99848454.44623177,1096412211347.3712,4607511160.427796,666035913.1640772,3941475247.263719,59745144559.63391,2632298642.747752,2632298642.747752,82920008002.7993,2396907248.320835,346483438.0904112,2050423810.230424,78817749265.49702,11783290533.246012,3914384154.198264,7868906379.047748,17455341473.572315,18819257613.034195,6251717513.574959,12567540099.459236,606454767.132712,2002871479.0708761,2002871479.0708761,31063515657.819756,450828931896.7373,21224713737.66469
2014,9421214400.0,7341672987.183655,102877919.94451278,1115309158514.1252,4793188247.631119,694220272.8283437,4098967974.802775,60334797026.92308,2644901795.026845,2644901795.026845,83094888187.83281,2437354148.6545186,353013604.85778594,2084340543.7967327,76054858705.56226,11443894963.78151,3807413256.760045,7636481707.021464,17763343615.201096,18909308136.405407,6291175399.858825,12618132736.546581,596725377.6433777,1971414900.1495707,1971414900.1495707,31054239657.34397,460674189950.126,21208981603.95531
2015,9852470000.0,7555608254.693682,105942732.48997264,1135099781929.223,4984179699.856987,723254305.1738278,4260925394.6831594,60861234873.02785,2655676953.7940536,2655676953.7940536,83325660121.78265,2477076415.06292,359448553.08692306,2117627861.975997,73209364305.3556,11075225122.147358,3690242815.9624953,7384982306.184862,17905136557.14522,19107574277.35008,6366605457.65859,12740968819.691488,603983812.442933,1995006150.1110666,1995006150.1110666,31155187486.440624,470577444539.1565,21251932897.410076
2016,13347028300.0,7729713526.715867,108438327.97781508,1155791641430.7197,5180530350.913867,753146928.9320171,4427383421.98185,61079944493.98356,2662190302.8786383,2662190302.8786383,83642030921.97256,2516361355.5183806,365829306.7731099,2150532048.7452707,70616510594.44292,10703046563.855362,3571440694.576926,7131605869.278436,17900447055.224144,19136040317.10436,6385399961.948145,12750640355.156214,615810704.4725587,2033970696.953541,2033970696.953541,31156322694.99395,480472306160.3801,21261461073.77032
2017,13771418000.0,7902596229.099024,110917597.61684343,1177048927466.8381,5381863109.172239,783845591.2824025,4598017517.889837,63813638778.52684,2693771266.507229,2693771266.507229,83929104546.85318,2554200214.001241,372008454.39292043,2182191759.6083207,67865581140.81466,10312833685.306965,3446161092.465441,6866672592.841524,18068733436.08743,19274448711.980576,6440795736.343827,12833652975.63675,617377412.2515996,2039345733.5710602,2039345733.5710602,31213651846.054718,490389706201.7029,21296251804.73197
2018,15117717500.0,8071330329.597073,113338499.50195079,1198068117556.6042,5587202838.813846,815210022.0296787,4771992816.784167,66769128371.027756,2729009459.3465457,2729009459.3465457,84201485985.69116,2590702029.1450677,378000641.6770885,2212701387.4679794,65061674065.999954,9914358949.736433,3317661380.2313495,6596697569.505083,18147030624.005074,19380143836.52567,6485215541.997209,12894928294.528461,620221951.4892513,2048691914.209787,2048691914.209787,31254021441.842026,500318126836.4542,21325600807.09068
2019,15263996800.0,8234970571.402249,115687358.19482292,1218717609223.4246,5796335096.718707,847210084.1355213,4949125012.583186,69680292743.86589,2765605909.160225,2765605909.160225,84455536292.7795,2625823023.344659,383798332.46565956,2242024690.878999,61973467494.609825,9497482014.016132,3182544593.597871,6314937420.418262,17827522667.65203,19128907685.94071,6409972837.798516,12718934848.142193,622981333.4454249,2057787453.9459832,2057787453.9459832,31048415335.12885,510118924176.902,21247617994.681095
2020,12800782300.0,8411031844.786964,118215626.6152854,1238669599170.3538,6008790174.162407,879778025.4305363,5129012148.731871,72489548502.62709,2803186341.1746807,2803186341.1746807,84573273783.60109,2658476607.113633,389241300.2066143,2269235306.9070187,57653487328.9758,9005643608.850565,3021819426.3499804,5983824182.500585,17844946233.720577,19066916122.642677,6397852284.91195,12669063837.730728,651436785.146159,2151247085.4325504,2151247085.4325504,31005568902.477432,519898255983.0651,21226237096.314285
2021,14823326100.0,8592406459.499765,120821385.28719994,1259629329864.978,6226553176.772454,913205640.7998465,5313347535.972608,75293178614.68124,2842958454.142827,2842958454.142827,84723603833.40712,2690128011.533592,394542534.9887648,2295585476.5448275,53914643206.92224,8531511148.801476,2866533095.9751344,5664978052.826342,18562531199.958153,19676585237.848957,6611206598.25821,13065378639.590748,609994466.478412,2015774973.1685915,2015774973.1685915,31198023132.245945,529788703369.27264,21307575746.038437
2022,14850655200.0,8755787215.456474,123169644.04329182,1280925104631.6294,6448817104.0289755,947376476.0360364,5501440627.992939,78733690174.66328,2891889358.2138686,2891889358.2138686,84868964348.48541,2720433968.3365736,399650835.9031069,2320783132.433467,50877522165.91255,8089694298.063674,2721637115.6194553,5368057182.444219,18138648660.677425,19490818643.390663,6557347345.789918,12933471297.600746,616050914.2118223,2034727305.2130203,2034727305.2130203,31050368903.89826,539586070843.00073,21253001430.170166
2023,12923890000.0,8919869285.264065,125528930.19240884,1299665883827.518,6672013034.578469,981766841.4166551,5690246193.161814,81174574202.78868,2933711194.4181185,2933711194.4181185,84819806089.29713,2747578229.559417,404297951.15802526,2343280278.4013915,46921663840.1993,7594185978.035051,2558212707.4532485,5035973270.581802,17047510127.281937,18467553253.8473,6221065634.448134,12246487619.399166,626621983.594716,2069545721.2336545,2069545721.2336545,30319244277.195946,548974220311.13965,20931094809.05701
2024,12820980200.0,9083279897.239864,127879488.0242008,1318232293335.2217,6898806217.685784,1016768455.6149405,5882037762.070844,83545443930.03365,2977390961.346957,2977390961.346957,84666556685.58801,2772277194.736871,408587212.46625865,2363689982.2706122,43595007579.90929,7125390775.40041,2403321937.7348676,4722068837.665543,17105458246.87603,18259524433.5114,6158752134.01159,12100772299.49981,637912951.1591319,2106820073.8917572,2106820073.8917572,30152779916.74552,558311494152.4595,20815506075.42566
